{"mean": [6590.094212197226, 172.88929680572463, 0.742624210882313], "std": [10693.156239202859, 77.55124035783928, 0.2579568633232665]}